cycle,range_bin,doppler_bin,output_hex
1098385000,0,0,ffa1fe75
1098395000,0,1,feec00ef
1098405000,0,2,00b5fd7c
1098415000,0,3,005b047e
1098425000,0,4,ffb5fc67
1098435000,0,5,ffee01a3
1098445000,0,6,ffb1fec7
1098455000,0,7,027c01a8
1098465000,0,8,fd90fe34
1098475000,0,9,001e00d9
1098485000,0,10,0090004a
1098495000,0,11,ff38ff6f
1098505000,0,12,007cffbe
1098515000,0,13,ff5f0056
1098525000,0,14,010fffd1
1098535000,0,15,feed0037
1098545000,0,16,0191febf
1098555000,0,17,fd2001ef
1098565000,0,18,01fbfffa
1098575000,0,19,ffedff30
1098585000,0,20,ff39008b
1098595000,0,21,00a8011b
1098605000,0,22,ffc9feb5
1098615000,0,23,ff900020
1098625000,0,24,0156fffc
1098635000,0,25,fff6ff7d
1098645000,0,26,ff880140
1098655000,0,27,001cfee7
1098665000,0,28,ff9e000c
1098675000,0,29,013300c8
1098685000,0,30,fe2ffec3
1098695000,0,31,018301bd
1103765000,1,0,0100007e
1103775000,1,1,00640058
1103785000,1,2,fddaff41
1103795000,1,3,02b000b8
1103805000,1,4,ff420018
1103815000,1,5,ffc7ff39
1103825000,1,6,ff5c0081
1103835000,1,7,0125fff1
1103845000,1,8,ffcc0071
1103855000,1,9,fe98ff37
1103865000,1,10,014a0043
1103875000,1,11,ffac0095
1103885000,1,12,00a6ffb6
1103895000,1,13,fde1ffa5
1103905000,1,14,01c9007c
1103915000,1,15,ff990027
1103925000,1,16,0158fee4
1103935000,1,17,fe9e00fa
1103945000,1,18,007200c1
1103955000,1,19,fffefef2
1103965000,1,20,ffc8ff62
1103975000,1,21,ffc701bb
1103985000,1,22,01bcff2f
1103995000,1,23,fe67ff0b
1104005000,1,24,006c00fd
1104015000,1,25,ffd6fd5f
1104025000,1,26,ffd6034b
1104035000,1,27,ffd2fe55
1104045000,1,28,008800a8
1104055000,1,29,ff81ffa7
1104065000,1,30,00db015c
1104075000,1,31,fe5ffe61
1109145000,2,0,008300fe
1109155000,2,1,ffbcff8f
1109165000,2,2,ff4400e6
1109175000,2,3,00c8ffd4
1109185000,2,4,ff63fef1
1109195000,2,5,ffe40122
1109205000,2,6,0005ff5c
1109215000,2,7,0195ffa8
1109225000,2,8,fce80157
1109235000,2,9,01f8ff22
1109245000,2,10,ff7effe7
1109255000,2,11,011b00c8
1109265000,2,12,fe86ffe2
1109275000,2,13,00a4001f
1109285000,2,14,00b00071
1109295000,2,15,ff3fff81
1109305000,2,16,019700ae
1109315000,2,17,fdfafd4f
1109325000,2,18,01a80234
1109335000,2,19,fe92ff4a
1109345000,2,20,0149ffd5
1109355000,2,21,ff76ffb0
1109365000,2,22,ff210078
1109375000,2,23,0153ff9c
1109385000,2,24,ffa2012d
1109395000,2,25,ff32fe04
1109405000,2,26,ff6e0347
1109415000,2,27,0163fd22
1109425000,2,28,feca0140
1109435000,2,29,012afee3
1109445000,2,30,00b2021b
1109455000,2,31,fef9fd9b
1114525000,3,0,ffc3fffb
1114535000,3,1,01a4ff94
1114545000,3,2,fdde00ae
1114555000,3,3,00f8fed0
1114565000,3,4,00470100
1114575000,3,5,0048ff6e
1114585000,3,6,fe4e0073
1114595000,3,7,019e004d
1114605000,3,8,ffcafdfa
1114615000,3,9,00270226
1114625000,3,10,ffa7fece
1114635000,3,11,002d0192
1114645000,3,12,0054fdda
1114655000,3,13,ffa001c4
1114665000,3,14,ff87febb
1114675000,3,15,013901cd
1114685000,3,16,fe91fd75
1114695000,3,17,0092009c
1114705000,3,18,0006005c
1114715000,3,19,00c2ffb0
1114725000,3,20,ff65ffbe
1114735000,3,21,fe6001ae
1114745000,3,22,025efe23
1114755000,3,23,fe4200ff
1114765000,3,24,01320026
1114775000,3,25,fe2fff6a
1114785000,3,26,0095000c
1114795000,3,27,0085019a
1114805000,3,28,ffc8fe90
1114815000,3,29,ff9c00e8
1114825000,3,30,02e5ff13
1114835000,3,31,fdbb00b3
1119905000,4,0,0033014f
1119915000,4,1,0097ff75
1119925000,4,2,fe54fff3
1119935000,4,3,021a0102
1119945000,4,4,ff38fe0b
1119955000,4,5,00220199
1119965000,4,6,ffbcff46
1119975000,4,7,013201d5
1119985000,4,8,fed7fc8e
1119995000,4,9,00b40337
1120005000,4,10,feb7fdfb
1120015000,4,11,00c100bc
1120025000,4,12,0012fe7e
1120035000,4,13,feff0157
1120045000,4,14,0073ffc8
1120055000,4,15,0061002c
1120065000,4,16,0037ff89
1120075000,4,17,fe710089
1120085000,4,18,01ac0057
1120095000,4,19,ff660000
1120105000,4,20,ff5a0083
1120115000,4,21,ffa4ffd9
1120125000,4,22,0204fecc
1120135000,4,23,ff72013f
1120145000,4,24,ff0fff7a
1120155000,4,25,00d8ff9f
1120165000,4,26,ff81005f
1120175000,4,27,00f7005a
1120185000,4,28,febcff6c
1120195000,4,29,019700f3
1120205000,4,30,ffc5003a
1120215000,4,31,fef3fe08
1125285000,5,0,ff1efe76
1125295000,5,1,ff7201cc
1125305000,5,2,ff9dfed6
1125315000,5,3,0201ff9d
1125325000,5,4,fe820103
1125335000,5,5,0073ff7c
1125345000,5,6,ffdaff5c
1125355000,5,7,00860120
1125365000,5,8,fffefea6
1125375000,5,9,fef600bf
1125385000,5,10,014efec9
1125395000,5,11,fef00273
1125405000,5,12,00f1fced
1125415000,5,13,fd9f021f
1125425000,5,14,01adff4b
1125435000,5,15,ff94009f
1125445000,5,16,0036fdfe
1125455000,5,17,fef202d4
1125465000,5,18,0111fe74
1125475000,5,19,feb30061
1125485000,5,20,0218007d
1125495000,5,21,fe470066
1125505000,5,22,014600b6
1125515000,5,23,ffa0feb2
1125525000,5,24,ff5eff6a
1125535000,5,25,009a0075
1125545000,5,26,00ec0175
1125555000,5,27,fe28fe73
1125565000,5,28,0145002f
1125575000,5,29,006b007b
1125585000,5,30,ff3bff9b
1125595000,5,31,015200bb
1130665000,6,0,fe49ffb1
1130675000,6,1,00e300f8
1130685000,6,2,febb004f
1130695000,6,3,02e4fd86
1130705000,6,4,fcee035c
1130715000,6,5,007bfdc3
1130725000,6,6,00d70058
1130735000,6,7,ffc90022
1130745000,6,8,ffcdff8e
1130755000,6,9,ffc10020
1130765000,6,10,0143004a
1130775000,6,11,fe80003a
1130785000,6,12,00970033
1130795000,6,13,ffc60003
1130805000,6,14,001effcb
1130815000,6,15,009affb9
1130825000,6,16,fe9bff9d
1130835000,6,17,0193008a
1130845000,6,18,fef5ff57
1130855000,6,19,ffee0044
1130865000,6,20,0140003a
1130875000,6,21,ff09ffb3
1130885000,6,22,00290148
1130895000,6,23,ff2dfe2c
1130905000,6,24,005700ac
1130915000,6,25,ffadffea
1130925000,6,26,000501c0
1130935000,6,27,ffd2fe58
1130945000,6,28,011b0047
1130955000,6,29,ffa2ff83
1130965000,6,30,ffc2033d
1130975000,6,31,01bcfd25
1136045000,7,0,ff90fefd
1136055000,7,1,01300094
1136065000,7,2,fda5fe22
1136075000,7,3,02570347
1136085000,7,4,ff82fdb4
1136095000,7,5,ffdb0170
1136105000,7,6,fef0ff62
1136115000,7,7,02e8008c
1136125000,7,8,feafff67
1136135000,7,9,ff7400e4
1136145000,7,10,0072fe8a
1136155000,7,11,ff63015f
1136165000,7,12,00b2fecd
1136175000,7,13,ffc30059
1136185000,7,14,0099001d
1136195000,7,15,ffa200f0
1136205000,7,16,ffe6fd73
1136215000,7,17,ffce020a
1136225000,7,18,0107fed6
1136235000,7,19,fe9901d1
1136245000,7,20,003afecc
1136255000,7,21,01a1fffa
1136265000,7,22,fe08ffd0
1136275000,7,23,0084fff4
1136285000,7,24,00c70045
1136295000,7,25,ff8eff6e
1136305000,7,26,ffb6008e
1136315000,7,27,ff9dff51
1136325000,7,28,00fe0107
1136335000,7,29,ff61fead
1136345000,7,30,00a30091
1136355000,7,31,ff020108
1141425000,8,0,ff9bff04
1141435000,8,1,009f0094
1141445000,8,2,fe53fe9d
1141455000,8,3,02150234
1141465000,8,4,ffbcfda7
1141475000,8,5,fe3f0188
1141485000,8,6,0041fee6
1141495000,8,7,025701c3
1141505000,8,8,fdc8fe82
1141515000,8,9,0038017b
1141525000,8,10,0010fe77
1141535000,8,11,00af020d
1141545000,8,12,fee8fee5
1141555000,8,13,00e5ffa2
1141565000,8,14,003c00a6
1141575000,8,15,00b4002b
1141585000,8,16,ffe3fda4
1141595000,8,17,fdd102c0
1141605000,8,18,02b7fec5
1141615000,8,19,fe530070
1141625000,8,20,012afeb1
1141635000,8,21,fe0502aa
1141645000,8,22,024bfdc8
1141655000,8,23,fe7d005f
1141665000,8,24,00a2ff06
1141675000,8,25,ffe00161
1141685000,8,26,ff36ffe7
1141695000,8,27,00dd0003
1141705000,8,28,ffaaff33
1141715000,8,29,0057008c
1141725000,8,30,ffe800bc
1141735000,8,31,001cffff
1146805000,9,0,01ae0056
1146815000,9,1,fea6ff54
1146825000,9,2,009300b0
1146835000,9,3,005fff43
1146845000,9,4,ffa2fedd
1146855000,9,5,004c01a4
1146865000,9,6,005dff89
1146875000,9,7,ffa9ff84
1146885000,9,8,ff130002
1146895000,9,9,016900fd
1146905000,9,10,fdebfee1
1146915000,9,11,017500d7
1146925000,9,12,fef7ffa7
1146935000,9,13,00640043
1146945000,9,14,0000fee1
1146955000,9,15,00c60184
1146965000,9,16,0070ff74
1146975000,9,17,fdfe0008
1146985000,9,18,01d7fe64
1146995000,9,19,ff0702f1
1147005000,9,20,0086fe4d
1147015000,9,21,fe72005e
1147025000,9,22,0159ffbf
1147035000,9,23,ff0f014c
1147045000,9,24,0103fd8c
1147055000,9,25,ff4f00ff
1147065000,9,26,ff9f01af
1147075000,9,27,00ddff21
1147085000,9,28,0045ff9f
1147095000,9,29,ff1200fb
1147105000,9,30,027effbb
1147115000,9,31,fd7aff98
1152185000,10,0,ff95fe00
1152195000,10,1,00640193
1152205000,10,2,0010fe2a
1152215000,10,3,ffaa02b2
1152225000,10,4,0014fdd9
1152235000,10,5,ff540067
1152245000,10,6,0053ffca
1152255000,10,7,00f200ad
1152265000,10,8,ffb2ffc5
1152275000,10,9,fe710036
1152285000,10,10,0210005f
1152295000,10,11,ff3cfff6
1152305000,10,12,00b70009
1152315000,10,13,fe58ff53
1152325000,10,14,021f0096
1152335000,10,15,ff06005f
1152345000,10,16,00e7fe74
1152355000,10,17,feacffd9
1152365000,10,18,00c6011e
1152375000,10,19,0008ff04
1152385000,10,20,ff84ff3d
1152395000,10,21,00160343
1152405000,10,22,0017fe08
1152415000,10,23,ff60feeb
1152425000,10,24,006200ef
1152435000,10,25,001bfff6
1152445000,10,26,fede00e9
1152455000,10,27,00f2ff3c
1152465000,10,28,0029ff91
1152475000,10,29,ff7a01cb
1152485000,10,30,015bfe00
1152495000,10,31,ff4001f1
1157565000,11,0,003c0047
1157575000,11,1,fff60041
1157585000,11,2,ff38ff7c
1157595000,11,3,0192017a
1157605000,11,4,feebfee5
1157615000,11,5,00a8fff0
1157625000,11,6,ffe9fff9
1157635000,11,7,00080146
1157645000,11,8,0090fddc
1157655000,11,9,fff10114
1157665000,11,10,0035fff0
1157675000,11,11,ff3b0024
1157685000,11,12,01a6fed9
1157695000,11,13,fda90141
1157705000,11,14,00b0fef5
1157715000,11,15,000500bc
1157725000,11,16,011cfe5d
1157735000,11,17,fd7001ad
1157745000,11,18,0172ff04
1157755000,11,19,003800c4
1157765000,11,20,ffdfff25
1157775000,11,21,ff0602ca
1157785000,11,22,01ebfda1
1157795000,11,23,fe6e00ac
1157805000,11,24,00c4ffc4
1157815000,11,25,ffa5fece
1157825000,11,26,00450244
1157835000,11,27,ff2bfe7e
1157845000,11,28,00b4ffd9
1157855000,11,29,ff7d00cd
1157865000,11,30,0198ffed
1157875000,11,31,fe75ffaa
1162945000,12,0,00b3015d
1162955000,12,1,ffd90065
1162965000,12,2,fe45fdc3
1162975000,12,3,035301d1
1162985000,12,4,fe06ff70
1162995000,12,5,006e004d
1163005000,12,6,ff67ff6a
1163015000,12,7,00e201b3
1163025000,12,8,ffd9fdca
1163035000,12,9,ff1f016c
1163045000,12,10,00b4ffa8
1163055000,12,11,ffe2003e
1163065000,12,12,0008fe74
1163075000,12,13,ff46017f
1163085000,12,14,0145ff4d
1163095000,12,15,fe5b00cc
1163105000,12,16,0249fe9d
1163115000,12,17,fd1100cd
1163125000,12,18,0223003f
1163135000,12,19,ff2d0009
1163145000,12,20,feeaff28
1163155000,12,21,01880269
1163165000,12,22,ffc5fe7c
1163175000,12,23,ff0efff5
1163185000,12,24,001f0030
1163195000,12,25,0183ff6e
1163205000,12,26,ff38010e
1163215000,12,27,fff2007c
1163225000,12,28,0074fe98
1163235000,12,29,ff8000ef
1163245000,12,30,027b00ed
1163255000,12,31,fd79fd58
1168325000,13,0,ff0f0088
1168335000,13,1,0070ffa8
1168345000,13,2,fe50ff96
1168355000,13,3,03a700d4
1168365000,13,4,fd99006a
1168375000,13,5,00b3fea7
1168385000,13,6,00070064
1168395000,13,7,ffd70140
1168405000,13,8,006dfe9f
1168415000,13,9,feb7ffee
1168425000,13,10,00b0002e
1168435000,13,11,00cc0097
1168445000,13,12,fdbdfe85
1168455000,13,13,0197016d
1168465000,13,14,ff5cfe8f
1168475000,13,15,00d5019e
1168485000,13,16,0085fe58
1168495000,13,17,fe360186
1168505000,13,18,fff6fffa
1168515000,13,19,0113000e
1168525000,13,20,ff11ff08
1168535000,13,21,ff2b0177
1168545000,13,22,0277ffc8
1168555000,13,23,fe61ff50
1168565000,13,24,009f0001
1168575000,13,25,0133ffb8
1168585000,13,26,fe92013e
1168595000,13,27,005eff93
1168605000,13,28,0059ff81
1168615000,13,29,002b00c1
1168625000,13,30,ff2eff91
1168635000,13,31,00efff66
1173705000,14,0,ff4fff65
1173715000,14,1,ffa4010e
1173725000,14,2,001afedc
1173735000,14,3,01500137
1173745000,14,4,fddffef9
1173755000,14,5,00a301ec
1173765000,14,6,ff62fe54
1173775000,14,7,0213ffd5
1173785000,14,8,fe02009c
1173795000,14,9,00fbfff8
1173805000,14,10,ffbcff98
1173815000,14,11,00000156
1173825000,14,12,0008ff1e
1173835000,14,13,00b50166
1173845000,14,14,ffc0fdcd
1173855000,14,15,ffae0267
1173865000,14,16,0189fcdb
1173875000,14,17,fd460294
1173885000,14,18,0218fe08
1173895000,14,19,fffc0121
1173905000,14,20,ff39ff43
1173915000,14,21,ffdffffc
1173925000,14,22,006a0030
1173935000,14,23,ff9700a5
1173945000,14,24,00defecc
1173955000,14,25,fe930026
1173965000,14,26,00820270
1173975000,14,27,ffecfdf6
1173985000,14,28,ffd0ff1e
1173995000,14,29,00f10182
1174005000,14,30,ff1cffe3
1174015000,14,31,0110ffab
1179085000,15,0,ffadfd2d
1179095000,15,1,fe85010a
1179105000,15,2,018bff5f
1179115000,15,3,ffc50269
1179125000,15,4,ffb3fd50
1179135000,15,5,0015026b
1179145000,15,6,0076fdd7
1179155000,15,7,009402bb
1179165000,15,8,ff7efce0
1179175000,15,9,ffd30214
1179185000,15,10,ff3c0088
1179195000,15,11,0138fe65
1179205000,15,12,002cff69
1179215000,15,13,fef601f5
1179225000,15,14,00afff3d
1179235000,15,15,0096ff3c
1179245000,15,16,ffa90075
1179255000,15,17,ff59009a
1179265000,15,18,00d3ff11
1179275000,15,19,ffa500bd
1179285000,15,20,ffdfff1c
1179295000,15,21,fff90129
1179305000,15,22,fff0ff2f
1179315000,15,23,00ae006d
1179325000,15,24,ff44fe56
1179335000,15,25,010f017c
1179345000,15,26,fefeffb8
1179355000,15,27,003effe1
1179365000,15,28,fec20023
1179375000,15,29,0284ffcb
1179385000,15,30,fddbfeed
1179395000,15,31,00e002f8
1184465000,16,0,ffc2ff76
1184475000,16,1,fe4e013c
1184485000,16,2,01b1fe25
1184495000,16,3,ffd701f5
1184505000,16,4,00b8fde2
1184515000,16,5,feb20278
1184525000,16,6,00cbfe13
1184535000,16,7,01480133
1184545000,16,8,fe6cfe8e
1184555000,16,9,ffcb012f
1184565000,16,10,00f6ff1d
1184575000,16,11,fff8009a
1184585000,16,12,ff46ff8c
1184595000,16,13,ff85004a
1184605000,16,14,00baff88
1184615000,16,15,ffdd0017
1184625000,16,16,0144fe26
1184635000,16,17,fd0003fc
1184645000,16,18,02e1fd5b
1184655000,16,19,fdc10033
1184665000,16,20,0158013e
1184675000,16,21,fea6ffde
1184685000,16,22,018bffc3
1184695000,16,23,fed20065
1184705000,16,24,00f2fe4a
1184715000,16,25,001b00c1
1184725000,16,26,ffb000c7
1184735000,16,27,ffa4ffa6
1184745000,16,28,0016fff0
1184755000,16,29,014fffe8
1184765000,16,30,fe08001e
1184775000,16,31,01550049
1189845000,17,0,00e70092
1189855000,17,1,ff0e0086
1189865000,17,2,009300c8
1189875000,17,3,ff61fda6
1189885000,17,4,0011013c
1189895000,17,5,0091ffea
1189905000,17,6,ffe2ff0d
1189915000,17,7,00e300a2
1189925000,17,8,fdf80057
1189935000,17,9,0114ff17
1189945000,17,10,ff9f00b6
1189955000,17,11,0167ffcf
1189965000,17,12,fd0c00ac
1189975000,17,13,0185ff25
1189985000,17,14,007f009f
1189995000,17,15,ff76ff24
1190005000,17,16,00bf01c8
1190015000,17,17,ff54fcec
1190025000,17,18,ff9f0210
1190035000,17,19,0079004c
1190045000,17,20,003bfe0e
1190055000,17,21,ff7f0230
1190065000,17,22,ff94ff67
1190075000,17,23,011dfffa
1190085000,17,24,febeffc7
1190095000,17,25,00160013
1190105000,17,26,004700f2
1190115000,17,27,0033ff0f
1190125000,17,28,003c00ba
1190135000,17,29,ffa7ff5d
1190145000,17,30,01930175
1190155000,17,31,febefe08
1195225000,18,0,ff380231
1195235000,18,1,001ffee8
1195245000,18,2,ff88ffb1
1195255000,18,3,010d011a
1195265000,18,4,ff15ffbe
1195275000,18,5,003aff47
1195285000,18,6,fea3ffe5
1195295000,18,7,014600d6
1195305000,18,8,ff19ff73
1195315000,18,9,007effc1
1195325000,18,10,ffd4011f
1195335000,18,11,011dfffd
1195345000,18,12,fe83ffde
1195355000,18,13,0087ffef
1195365000,18,14,00b3013c
1195375000,18,15,ffacfe8f
1195385000,18,16,0096005b
1195395000,18,17,fe93ff8e
1195405000,18,18,00ea0085
1195415000,18,19,0043ff6c
1195425000,18,20,ffcdfea6
1195435000,18,21,00140331
1195445000,18,22,007bfe65
1195455000,18,23,ff8effda
1195465000,18,24,ff490069
1195475000,18,25,0160fe3d
1195485000,18,26,fe7a039f
1195495000,18,27,001ffc61
1195505000,18,28,00b30206
1195515000,18,29,0003fecd
1195525000,18,30,00270226
1195535000,18,31,008cfce5
1200605000,19,0,0005fe8e
1200615000,19,1,00c500a6
1200625000,19,2,fdf8ffe2
1200635000,19,3,027b00a1
1200645000,19,4,fef3fedb
1200655000,19,5,ffb5005a
1200665000,19,6,008200df
1200675000,19,7,ffde0059
1200685000,19,8,002efde1
1200695000,19,9,fef902ad
1200705000,19,10,01b5fec1
1200715000,19,11,febd00d1
1200725000,19,12,008dfdf0
1200735000,19,13,ffe50288
1200745000,19,14,0078fddc
1200755000,19,15,005b0145
1200765000,19,16,0063fe9a
1200775000,19,17,fe2900ec
1200785000,19,18,0140ff1e
1200795000,19,19,002d001d
1200805000,19,20,fec700a1
1200815000,19,21,ffb900a0
1200825000,19,22,00d6fe23
1200835000,19,23,ff340141
1200845000,19,24,01320043
1200855000,19,25,fec9fe7d
1200865000,19,26,fff70177
1200875000,19,27,009300bd
1200885000,19,28,0099fe40
1200895000,19,29,ff2501a2
1200905000,19,30,0174ff42
1200915000,19,31,fea300a5
1205985000,20,0,01480020
1205995000,20,1,ff11ff50
1206005000,20,2,0075005a
1206015000,20,3,ffd0fff1
1206025000,20,4,015cffff
1206035000,20,5,fe66ffa1
1206045000,20,6,014c009b
1206055000,20,7,ff75ffb8
1206065000,20,8,008aff39
1206075000,20,9,ff3b01b0
1206085000,20,10,ffa6fe54
1206095000,20,11,008500d1
1206105000,20,12,ff7afedd
1206115000,20,13,002e0108
1206125000,20,14,ff53ff3a
1206135000,20,15,014600d7
1206145000,20,16,ffa2fef0
1206155000,20,17,fea3011e
1206165000,20,18,01430022
1206175000,20,19,ff9cffb7
1206185000,20,20,0014fff1
1206195000,20,21,fe7e0225
1206205000,20,22,02cefd53
1206215000,20,23,fe2f01fa
1206225000,20,24,0124fde7
1206235000,20,25,ff41007e
1206245000,20,26,0136011c
1206255000,20,27,fed70023
1206265000,20,28,005efddb
1206275000,20,29,003602ae
1206285000,20,30,014ffe44
1206295000,20,31,fda60093
1211365000,21,0,00e30160
1211375000,21,1,fe3dff9c
1211385000,21,2,ffb2ff91
1211395000,21,3,0238ff8f
1211405000,21,4,ff2700aa
1211415000,21,5,ff29ff50
1211425000,21,6,004f003a
1211435000,21,7,0019ffe8
1211445000,21,8,fff4ffec
1211455000,21,9,ffadffd5
1211465000,21,10,002f0031
1211475000,21,11,00140142
1211485000,21,12,ffbbfe9b
1211495000,21,13,ffff0106
1211505000,21,14,ff5dfee8
1211515000,21,15,010701fe
1211525000,21,16,0053fd0c
1211535000,21,17,feab01b0
1211545000,21,18,00f4ffe5
1211555000,21,19,00540087
1211565000,21,20,fee9fe54
1211575000,21,21,00e70162
1211585000,21,22,000f0042
1211595000,21,23,fe710096
1211605000,21,24,01eafd78
1211615000,21,25,fe23017f
1211625000,21,26,0133006d
1211635000,21,27,ff500088
1211645000,21,28,00f1fe07
1211655000,21,29,fed10258
1211665000,21,30,024dff88
1211675000,21,31,ff07fe84
1216745000,22,0,fe4ffff1
1216755000,22,1,01080021
1216765000,22,2,fecbffec
1216775000,22,3,01cfff0a
1216785000,22,4,ff310131
1216795000,22,5,fea8ff67
1216805000,22,6,01130007
1216815000,22,7,00e0ffcb
1216825000,22,8,fe9fff77
1216835000,22,9,fff20161
1216845000,22,10,00e7fe63
1216855000,22,11,feb90230
1216865000,22,12,013dfe44
1216875000,22,13,fe95016b
1216885000,22,14,0150fea5
1216895000,22,15,ff4b0191
1216905000,22,16,00abfdd7
1216915000,22,17,ff5c0163
1216925000,22,18,003bffec
1216935000,22,19,ff39ff8a
1216945000,22,20,020d0041
1216955000,22,21,fe7c0047
1216965000,22,22,00670025
1216975000,22,23,fecaffdb
1216985000,22,24,01fbff19
1216995000,22,25,fd9a00ab
1217005000,22,26,0197010d
1217015000,22,27,ff5bff8c
1217025000,22,28,00f9ff12
1217035000,22,29,feff005f
1217045000,22,30,013a01a7
1217055000,22,31,00b7fe91
1222125000,23,0,013d0102
1222135000,23,1,ff98fffe
1222145000,23,2,ffcdfe07
1222155000,23,3,ff560262
1222165000,23,4,00c2feca
1222175000,23,5,ff89000a
1222185000,23,6,007700a5
1222195000,23,7,0008fff9
1222205000,23,8,0032004c
1222215000,23,9,ff4dff84
1222225000,23,10,00b6004f
1222235000,23,11,fdfb0030
1222245000,23,12,0394006b
1222255000,23,13,fd6efe4e
1222265000,23,14,018c0191
1222275000,23,15,ff47ff7b
1222285000,23,16,0095ff78
1222295000,23,17,ff04ff78
1222305000,23,18,01fd00f9
1222315000,23,19,fe84ffda
1222325000,23,20,ff2600c0
1222335000,23,21,0207fed0
1222345000,23,22,fe5d001d
1222355000,23,23,0060ff5f
1222365000,23,24,ffbc00f6
1222375000,23,25,001bfec6
1222385000,23,26,007001c9
1222395000,23,27,fe8bfe0c
1222405000,23,28,020401df
1222415000,23,29,ff46ffb0
1222425000,23,30,ffc00055
1222435000,23,31,ff59fecd
1227505000,24,0,fec8ff41
1227515000,24,1,022701b2
1227525000,24,2,fcf8fe7f
1227535000,24,3,028300c7
1227545000,24,4,ff580067
1227555000,24,5,ff22febb
1227565000,24,6,00240042
1227575000,24,7,01b000a5
1227585000,24,8,ff40fe3c
1227595000,24,9,fed80187
1227605000,24,10,01cafec7
1227615000,24,11,fe7501fb
1227625000,24,12,0003fe8c
1227635000,24,13,ffbd00af
1227645000,24,14,0045feb6
1227655000,24,15,00fd0266
1227665000,24,16,ff28fbfb
1227675000,24,17,fe5f0476
1227685000,24,18,01b0fdab
1227695000,24,19,00d10051
1227705000,24,20,fee0003f
1227715000,24,21,ff9e00f1
1227725000,24,22,01c80000
1227735000,24,23,fe24fedf
1227745000,24,24,00700050
1227755000,24,25,016a0035
1227765000,24,26,fe26ffaf
1227775000,24,27,00c70009
1227785000,24,28,003dffbe
1227795000,24,29,00a300f1
1227805000,24,30,fe9fff90
1227815000,24,31,0137ffea
1232885000,25,0,ffb502ab
1232895000,25,1,003bfe37
1232905000,25,2,002801e7
1232915000,25,3,001bfd85
1232925000,25,4,ff84018e
1232935000,25,5,01db0017
1232945000,25,6,fd87ffad
1232955000,25,7,01bc00d0
1232965000,25,8,fe47feac
1232975000,25,9,0128002b
1232985000,25,10,ffb40086
1232995000,25,11,009fff9f
1233005000,25,12,fe480006
1233015000,25,13,02190065
1233025000,25,14,feceff14
1233035000,25,15,00da008c
1233045000,25,16,00f1009d
1233055000,25,17,fcfbfef7
1233065000,25,18,01ac0033
1233075000,25,19,ffbb001b
1233085000,25,20,0074fff4
1233095000,25,21,fdfdff85
1233105000,25,22,01cf00b1
1233115000,25,23,ffceff74
1233125000,25,24,feff00e8
1233135000,25,25,0122fe6b
1233145000,25,26,ff7402f0
1233155000,25,27,ffaffe55
1233165000,25,28,002c0054
1233175000,25,29,002fffeb
1233185000,25,30,016801e6
1233195000,25,31,fef8fc4c
1238265000,26,0,ff92febf
1238275000,26,1,0087019f
1238285000,26,2,0035ff1f
1238295000,26,3,ffa20049
1238305000,26,4,001bfebc
1238315000,26,5,007a01c7
1238325000,26,6,ff86ff7d
1238335000,26,7,00b8fe66
1238345000,26,8,fee301ee
1238355000,26,9,0012001b
1238365000,26,10,000fff42
1238375000,26,11,0136ffe3
1238385000,26,12,fe1500ac
1238395000,26,13,00ea0015
1238405000,26,14,005ffded
1238415000,26,15,0037023e
1238425000,26,16,007cfe79
1238435000,26,17,ff1f00c7
1238445000,26,18,ff25febd
1238455000,26,19,01620223
1238465000,26,20,fef9fd36
1238475000,26,21,fffa0351
1238485000,26,22,ffeafe13
1238495000,26,23,ffe80060
1238505000,26,24,fff7ff36
1238515000,26,25,001c0083
1238525000,26,26,002f0062
1238535000,26,27,fffa015d
1238545000,26,28,0087fdde
1238555000,26,29,fe8e0157
1238565000,26,30,0251010b
1238575000,26,31,fee5fee8
1243645000,27,0,0062ffe5
1243655000,27,1,ff930170
1243665000,27,2,0001ff46
1243675000,27,3,00270176
1243685000,27,4,fffefe3a
1243695000,27,5,ff9e01aa
1243705000,27,6,005cff6e
1243715000,27,7,01c9ffa0
1243725000,27,8,fdd9ffaa
1243735000,27,9,014e00f1
1243745000,27,10,0042fe95
1243755000,27,11,ff5b00ee
1243765000,27,12,00b8ff1c
1243775000,27,13,ff1e01d9
1243785000,27,14,0041fd61
1243795000,27,15,ff1b0219
1243805000,27,16,0284fe9f
1243815000,27,17,fccf00fe
1243825000,27,18,0107fe98
1243835000,27,19,004b01be
1243845000,27,20,0040fe58
1243855000,27,21,004a0210
1243865000,27,22,002efdfa
1243875000,27,23,ff3501e4
1243885000,27,24,0129fee6
1243895000,27,25,fe64fe45
1243905000,27,26,00de0295
1243915000,27,27,ffaffff2
1243925000,27,28,0072fdbe
1243935000,27,29,fde600d1
1243945000,27,30,02bd010f
1243955000,27,31,fe6bfee7
1249025000,28,0,00a3014c
1249035000,28,1,fee7ffde
1249045000,28,2,0115fef6
1249055000,28,3,fec40171
1249065000,28,4,018afe74
1249075000,28,5,fea600f7
1249085000,28,6,0055ff29
1249095000,28,7,01040137
1249105000,28,8,feadffab
1249115000,28,9,00150030
1249125000,28,10,007dfef5
1249135000,28,11,001f0195
1249145000,28,12,ff6afed0
1249155000,28,13,fee6ffd7
1249165000,28,14,0211001c
1249175000,28,15,fe5a00f4
1249185000,28,16,0293fe52
1249195000,28,17,fd2b00ac
1249205000,28,18,00f9010e
1249215000,28,19,fef6fff5
1249225000,28,20,0150fe32
1249235000,28,21,ff1002bb
1249245000,28,22,00d1ff49
1249255000,28,23,ff9eff8b
1249265000,28,24,ffb50043
1249275000,28,25,0051feb6
1249285000,28,26,005d029b
1249295000,28,27,005ffe35
1249305000,28,28,0034007e
1249315000,28,29,ff7cffff
1249325000,28,30,01b1013e
1249335000,28,31,fe5cfd42
1254405000,29,0,ffb5fea9
1254415000,29,1,008d0026
1254425000,29,2,fecffff4
1254435000,29,3,018cffed
1254445000,29,4,ffa20167
1254455000,29,5,000cfe87
1254465000,29,6,ff7fff9c
1254475000,29,7,00d701fa
1254485000,29,8,0068fefb
1254495000,29,9,fe9dff93
1254505000,29,10,007fff8c
1254515000,29,11,fff5023a
1254525000,29,12,0034fbe0
1254535000,29,13,ff5802aa
1254545000,29,14,00e2ff2f
1254555000,29,15,feae00ff
1254565000,29,16,0137fe6b
1254575000,29,17,ff770146
1254585000,29,18,ff49ff96
1254595000,29,19,ffac00bb
1254605000,29,20,01b0ff75
1254615000,29,21,fdd00189
1254625000,29,22,01f1ff70
1254635000,29,23,fed9fe92
1254645000,29,24,00e00139
1254655000,29,25,0003ff09
1254665000,29,26,003d0122
1254675000,29,27,ff07ffae
1254685000,29,28,0186003c
1254695000,29,29,ff80ffce
1254705000,29,30,001aff7d
1254715000,29,31,ff960125
1259785000,30,0,ff13ff50
1259795000,30,1,00c20179
1259805000,30,2,fef5fdec
1259815000,30,3,02230200
1259825000,30,4,fd0bfec1
1259835000,30,5,0176011f
1259845000,30,6,ffb5fdd2
1259855000,30,7,01c0024f
1259865000,30,8,fd54fd9e
1259875000,30,9,00fd021a
1259885000,30,10,0026fe67
1259895000,30,11,ff7200a2
1259905000,30,12,00dc0043
1259915000,30,13,ff7d006d
1259925000,30,14,001dff56
1259935000,30,15,00360152
1259945000,30,16,ffabfda4
1259955000,30,17,ffb40125
1259965000,30,18,000bffec
1259975000,30,19,00a300be
1259985000,30,20,ff41fe93
1259995000,30,21,008e0083
1260005000,30,22,ff69000a
1260015000,30,23,009c00bb
1260025000,30,24,ff7aff5a
1260035000,30,25,00250010
1260045000,30,26,ff660249
1260055000,30,27,00ccfd6c
1260065000,30,28,ff34ffd5
1260075000,30,29,00f701e1
1260085000,30,30,0021ff2e
1260095000,30,31,008affe0
1265165000,31,0,ffbaff8c
1265175000,31,1,fec40080
1265185000,31,2,011efeca
1265195000,31,3,011a014d
1265205000,31,4,fda4ff7c
1265215000,31,5,0190014a
1265225000,31,6,0006fce2
1265235000,31,7,ff0c02ef
1265245000,31,8,00afff15
1265255000,31,9,ffce009a
1265265000,31,10,ff7dff35
1265275000,31,11,008bffd0
1265285000,31,12,ffba0169
1265295000,31,13,00f5ff06
1265305000,31,14,ffb8ffaa
1265315000,31,15,ff37002d
1265325000,31,16,014effec
1265335000,31,17,ffb8ffea
1265345000,31,18,0034ffba
1265355000,31,19,fe5c00e7
1265365000,31,20,0092ff3e
1265375000,31,21,0174ffbe
1265385000,31,22,fdca0008
1265395000,31,23,00e400f5
1265405000,31,24,ffa5fe27
1265415000,31,25,011a017c
1265425000,31,26,fe29ffe3
1265435000,31,27,0123ff60
1265445000,31,28,ff6c0151
1265455000,31,29,018bffe2
1265465000,31,30,fe080028
1265475000,31,31,018dff9b
1270545000,32,0,ffb4ffe8
1270555000,32,1,ff42ff93
1270565000,32,2,ff8cff61
1270575000,32,3,00fd01a9
1270585000,32,4,0056fea2
1270595000,32,5,ff760036
1270605000,32,6,ff4e0047
1270615000,32,7,038300cc
1270625000,32,8,fcb0fed9
1270635000,32,9,ffe9ffa4
1270645000,32,10,01900116
1270655000,32,11,feb2ff3c
1270665000,32,12,0104ff88
1270675000,32,13,fe770110
1270685000,32,14,0163fe5d
1270695000,32,15,ff3c01c4
1270705000,32,16,013afe0c
1270715000,32,17,fcda01fd
1270725000,32,18,02c4ff9f
1270735000,32,19,fecd0049
1270745000,32,20,fff2ff60
1270755000,32,21,011a0100
1270765000,32,22,ff32ff83
1270775000,32,23,ffa90048
1270785000,32,24,0126fee3
1270795000,32,25,ffbb00b4
1270805000,32,26,008c0062
1270815000,32,27,feacff7e
1270825000,32,28,00c00006
1270835000,32,29,00110022
1270845000,32,30,ffb1ffa1
1270855000,32,31,00c800ac
1275925000,33,0,00890051
1275935000,33,1,fff7002f
1275945000,33,2,fde0ff24
1275955000,33,3,0312021e
1275965000,33,4,ff30fd9b
1275975000,33,5,ff2901bb
1275985000,33,6,ffdaff22
1275995000,33,7,00f10054
1276005000,33,8,002e00a0
1276015000,33,9,feb5ff5d
1276025000,33,10,00ffff90
1276035000,33,11,006a011f
1276045000,33,12,ff55ff80
1276055000,33,13,feb5ffa0
1276065000,33,14,0215000e
1276075000,33,15,fede0143
1276085000,33,16,01a9fd01
1276095000,33,17,fd4102eb
1276105000,33,18,01daff64
1276115000,33,19,ff92ffe0
1276125000,33,20,ffe8ff33
1276135000,33,21,0027025b
1276145000,33,22,008cff10
1276155000,33,23,ff13feda
1276165000,33,24,017c0066
1276175000,33,25,ff67fee1
1276185000,33,26,fff301bc
1276195000,33,27,ffdeff9f
1276205000,33,28,fff7ff0a
1276215000,33,29,ffd7007a
1276225000,33,30,0129004c
1276235000,33,31,fe72ff3b
1281305000,34,0,00740051
1281315000,34,1,00e4ffc4
1281325000,34,2,ff3cfff8
1281335000,34,3,ff90015d
1281345000,34,4,003cfed6
1281355000,34,5,00980049
1281365000,34,6,ffadffdc
1281375000,34,7,ffcffeb3
1281385000,34,8,ffc601b8
1281395000,34,9,012ffefe
1281405000,34,10,ff4c000e
1281415000,34,11,ff9f0008
1281425000,34,12,002e00cd
1281435000,34,13,ffa8ff20
1281445000,34,14,00d0ff9e
1281455000,34,15,fe6a01a5
1281465000,34,16,0266fee1
1281475000,34,17,fc9efffe
1281485000,34,18,021e002c
1281495000,34,19,ff20ffb9
1281505000,34,20,012a00ec
1281515000,34,21,fee0003f
1281525000,34,22,00bbffee
1281535000,34,23,0025fe7b
1281545000,34,24,011c02de
1281555000,34,25,fe33fd40
1281565000,34,26,00b601f2
1281575000,34,27,0035fe6e
1281585000,34,28,ff4800e1
1281595000,34,29,00a4ff48
1281605000,34,30,0114001c
1281615000,34,31,fe36ffd1
1286685000,35,0,00010021
1286695000,35,1,fffcff91
1286705000,35,2,fe56010e
1286715000,35,3,0126ffd6
1286725000,35,4,011dfec5
1286735000,35,5,fe5f0079
1286745000,35,6,00920101
1286755000,35,7,ffe0ff3e
1286765000,35,8,00dffe4d
1286775000,35,9,fecb023e
1286785000,35,10,009dff95
1286795000,35,11,007d00c5
1286805000,35,12,fdfafdb1
1286815000,35,13,0155020f
1286825000,35,14,ffb6fec3
1286835000,35,15,00110170
1286845000,35,16,ff55fdf7
1286855000,35,17,00680239
1286865000,35,18,ffc4feae
1286875000,35,19,009a00ce
1286885000,35,20,ffcfff71
1286895000,35,21,ff990223
1286905000,35,22,018afddd
1286915000,35,23,fea60118
1286925000,35,24,0157ffeb
1286935000,35,25,fe85000c
1286945000,35,26,0139fddb
1286955000,35,27,ff5702bf
1286965000,35,28,00a6fde9
1286975000,35,29,ff6700b9
1286985000,35,30,01560073
1286995000,35,31,ff3dff3a
1292065000,36,0,020b019c
1292075000,36,1,fed8ff18
1292085000,36,2,ff590073
1292095000,36,3,006c00fd
1292105000,36,4,0132fe30
1292115000,36,5,ff4b0194
1292125000,36,6,ff74ff41
1292135000,36,7,014200f2
1292145000,36,8,ff22fe99
1292155000,36,9,003c0143
1292165000,36,10,ff1efed0
1292175000,36,11,0118019e
1292185000,36,12,ffbffd39
1292195000,36,13,fec901fb
1292205000,36,14,01b3000e
1292215000,36,15,fece005c
1292225000,36,16,0197fe9c
1292235000,36,17,fcce0116
1292245000,36,18,0373ff9d
1292255000,36,19,fe5800cb
1292265000,36,20,0006ffbe
1292275000,36,21,fff5fff4
1292285000,36,22,012effa1
1292295000,36,23,ff9e014a
1292305000,36,24,ffd0fea3
1292315000,36,25,ffc2feeb
1292325000,36,26,00420250
1292335000,36,27,0040fe5a
1292345000,36,28,0035001d
1292355000,36,29,ffe30071
1292365000,36,30,005f0138
1292375000,36,31,fe06fd48
1297445000,37,0,fe48ffb5
1297455000,37,1,012a014b
1297465000,37,2,fe2efed2
1297475000,37,3,0297ff98
1297485000,37,4,ff250185
1297495000,37,5,ffabfe46
1297505000,37,6,ff68010f
1297515000,37,7,02340126
1297525000,37,8,fe83fd6d
1297535000,37,9,ff420171
1297545000,37,10,019cff1e
1297555000,37,11,fec8015d
1297565000,37,12,007bfdde
1297575000,37,13,ff5d014f
1297585000,37,14,ff71ff6e
1297595000,37,15,01a300e6
1297605000,37,16,feaafd83
1297615000,37,17,ffae030b
1297625000,37,18,00aaff40
1297635000,37,19,ffe90016
1297645000,37,20,ff93ff2d
1297655000,37,21,003502ea
1297665000,37,22,00c0fe3b
1297675000,37,23,ff12ffac
1297685000,37,24,0093ff47
1297695000,37,25,fff6003d
1297705000,37,26,00880164
1297715000,37,27,ff2cff41
1297725000,37,28,0135ff9c
1297735000,37,29,ff1b0095
1297745000,37,30,002b00cc
1297755000,37,31,010bfeb4
1302825000,38,0,fef1002e
1302835000,38,1,00910086
1302845000,38,2,fdb9ff13
1302855000,38,3,039bffc4
1302865000,38,4,fddc0125
1302875000,38,5,ff8bfe22
1302885000,38,6,00d901a2
1302895000,38,7,003d001a
1302905000,38,8,002bfee8
1302915000,38,9,fd74011e
1302925000,38,10,029dffa1
1302935000,38,11,fe6effa7
1302945000,38,12,00a9004c
1302955000,38,13,0087ff9c
1302965000,38,14,ffba013d
1302975000,38,15,000ffe8f
1302985000,38,16,ff31ffa6
1302995000,38,17,01210084
1303005000,38,18,ff8f0145
1303015000,38,19,ff4bfe7c
1303025000,38,20,ffd4019f
1303035000,38,21,016dfdb8
1303045000,38,22,fed5021e
1303055000,38,23,fffffece
1303065000,38,24,ffb30104
1303075000,38,25,00a2fe44
1303085000,38,26,ffd301db
1303095000,38,27,0008ff75
1303105000,38,28,00c70078
1303115000,38,29,ff89ffae
1303125000,38,30,ff5001a7
1303135000,38,31,01f9fddd
1308205000,39,0,00b3fdd8
1308215000,39,1,ff070143
1308225000,39,2,0047fe75
1308235000,39,3,009b012f
1308245000,39,4,ffc1ff78
1308255000,39,5,ffb0ff67
1308265000,39,6,ffe800eb
1308275000,39,7,01a9ffa5
1308285000,39,8,fe3eff87
1308295000,39,9,00eb0042
1308305000,39,10,ff6d006e
1308315000,39,11,ffcc0066
1308325000,39,12,006afed6
1308335000,39,13,ffe00009
1308345000,39,14,ffd7012c
1308355000,39,15,017fffff
1308365000,39,16,fdb9fdf4
1308375000,39,17,01610133
1308385000,39,18,0003ff1b
1308395000,39,19,00350183
1308405000,39,20,fe85fea4
1308415000,39,21,017200b7
1308425000,39,22,fe12ffe5
1308435000,39,23,0211003f
1308445000,39,24,fe62fead
1308455000,39,25,00bd01e0
1308465000,39,26,fea5ffda
1308475000,39,27,00c4ff1c
1308485000,39,28,00fc005e
1308495000,39,29,ff0601e9
1308505000,39,30,019bfc4c
1308515000,39,31,fecf03d1
1313585000,40,0,00dffeda
1313595000,40,1,00210145
1313605000,40,2,fe5afe79
1313615000,40,3,015b026a
1313625000,40,4,0003fda1
1313635000,40,5,feec005c
1313645000,40,6,00f4ff7a
1313655000,40,7,01ae01ce
1313665000,40,8,fd94fdcb
1313675000,40,9,00210144
1313685000,40,10,0178ff28
1313695000,40,11,fe940135
1313705000,40,12,ffeeff9b
1313715000,40,13,ffadff88
1313725000,40,14,008200aa
1313735000,40,15,005fff9e
1313745000,40,16,ffd3fe16
1313755000,40,17,fe7902af
1313765000,40,18,029cfea3
1313775000,40,19,fdd701d8
1313785000,40,20,0139fe4d
1313795000,40,21,fef8023e
1313805000,40,22,0120fde2
1313815000,40,23,ff20017c
1313825000,40,24,014afe61
1313835000,40,25,fef10098
1313845000,40,26,ffea0148
1313855000,40,27,004efe15
1313865000,40,28,015e005b
1313875000,40,29,fe9b0086
1313885000,40,30,001afffe
1313895000,40,31,ffc70084
1318965000,41,0,00200028
1318975000,41,1,003affd2
1318985000,41,2,fe8400b4
1318995000,41,3,02c60012
1319005000,41,4,fe7bfe7e
1319015000,41,5,ffa301c8
1319025000,41,6,00c6fe83
1319035000,41,7,fff600d2
1319045000,41,8,ff240014
1319055000,41,9,0101009d
1319065000,41,10,fe50fea5
1319075000,41,11,021a0105
1319085000,41,12,fee3ffab
1319095000,41,13,0061006c
1319105000,41,14,ff7aff13
1319115000,41,15,013e008b
1319125000,41,16,0028ff42
1319135000,41,17,ff060070
1319145000,41,18,009cff56
1319155000,41,19,ff320186
1319165000,41,20,006dfe08
1319175000,41,21,ff190216
1319185000,41,22,0096fd4b
1319195000,41,23,fff802f0
1319205000,41,24,ffbcfd8a
1319215000,41,25,0017ffd9
1319225000,41,26,ff340281
1319235000,41,27,00d6ff33
1319245000,41,28,000dff27
1319255000,41,29,000b0126
1319265000,41,30,ffd6015f
1319275000,41,31,001cfdeb
1324345000,42,0,fee6feab
1324355000,42,1,ffc3015f
1324365000,42,2,0146fe8c
1324375000,42,3,fec60185
1324385000,42,4,00defde0
1324395000,42,5,ff320207
1324405000,42,6,00ecff2c
1324415000,42,7,ffce0016
1324425000,42,8,ff2100a6
1324435000,42,9,0021ffc0
1324445000,42,10,004eff97
1324455000,42,11,00b400f2
1324465000,42,12,fddaffe1
1324475000,42,13,022dffb9
1324485000,42,14,ffb6ff6b
1324495000,42,15,000600b0
1324505000,42,16,00d0ffcd
1324515000,42,17,ffa1ff65
1324525000,42,18,feb2009e
1324535000,42,19,01800065
1324545000,42,20,ff1cfd80
1324555000,42,21,00620425
1324565000,42,22,fe88fcec
1324575000,42,23,02100098
1324585000,42,24,feb9ff72
1324595000,42,25,013f0024
1324605000,42,26,fdb200fb
1324615000,42,27,029e002c
1324625000,42,28,febcfee7
1324635000,42,29,ffa3011b
1324645000,42,30,00eeff19
1324655000,42,31,002c00e2
1329725000,43,0,00ed00e9
1329735000,43,1,0026ff5c
1329745000,43,2,ff1d004e
1329755000,43,3,01b000d7
1329765000,43,4,fe65ff2c
1329775000,43,5,0116ff97
1329785000,43,6,ffb70080
1329795000,43,7,006d00cb
1329805000,43,8,ffd0fdd6
1329815000,43,9,00db0131
1329825000,43,10,ff5bffd5
1329835000,43,11,ffb00017
1329845000,43,12,010bff05
1329855000,43,13,fe54015c
1329865000,43,14,0058fef1
1329875000,43,15,002000ba
1329885000,43,16,00affe67
1329895000,43,17,fdac01e8
1329905000,43,18,01fdfe68
1329915000,43,19,ffd80115
1329925000,43,20,ffa7ff40
1329935000,43,21,ffac02f1
1329945000,43,22,012ffd12
1329955000,43,23,fee700dd
1329965000,43,24,00e4fffe
1329975000,43,25,ff03fefb
1329985000,43,26,002f022d
1329995000,43,27,ff94fdf9
1330005000,43,28,00f10083
1330015000,43,29,ff0a0074
1330025000,43,30,0286001d
1330035000,43,31,fd30ff6a
1335105000,44,0,01150289
1335115000,44,1,0026fe99
1335125000,44,2,fe90ff71
1335135000,44,3,01bf0104
1335145000,44,4,ffbfff73
1335155000,44,5,ff280021
1335165000,44,6,0034ff8b
1335175000,44,7,00f8024c
1335185000,44,8,ffe0fd6b
1335195000,44,9,ff12014f
1335205000,44,10,0055fe84
1335215000,44,11,006f01e4
1335225000,44,12,ff0bfe12
1335235000,44,13,0033005a
1335245000,44,14,006c0080
1335255000,44,15,fe7b00c6
1335265000,44,16,0203fdab
1335275000,44,17,fdf601ab
1335285000,44,18,011600e1
1335295000,44,19,ff61ff7c
1335305000,44,20,009ffeef
1335315000,44,21,ffec0357
1335325000,44,22,ffdcfd5f
1335335000,44,23,001a008c
1335345000,44,24,00600005
1335355000,44,25,ffc6ff25
1335365000,44,26,ff71019e
1335375000,44,27,0165ff60
1335385000,44,28,ffa7ff58
1335395000,44,29,ff7d003e
1335405000,44,30,02d00202
1335415000,44,31,fca7fc86
1340485000,45,0,ffa3006b
1340495000,45,1,001b0039
1340505000,45,2,fed7fed9
1340515000,45,3,01a0025a
1340525000,45,4,ffbffd63
1340535000,45,5,002e0239
1340545000,45,6,fec6fda0
1340555000,45,7,028b0261
1340565000,45,8,fdcafea9
1340575000,45,9,007b0032
1340585000,45,10,ff71ffd8
1340595000,45,11,01d000a5
1340605000,45,12,fdd3fe3f
1340615000,45,13,006b012f
1340625000,45,14,00c7ff58
1340635000,45,15,ff130129
1340645000,45,16,01d7fdeb
1340655000,45,17,fd7d01b7
1340665000,45,18,00b100cb
1340675000,45,19,0088ff38
1340685000,45,20,ff5bfed3
1340695000,45,21,ff5a02bd
1340705000,45,22,01d2fee0
1340715000,45,23,fefbff73
1340725000,45,24,0094ffed
1340735000,45,25,ffe5ffa2
1340745000,45,26,ff87010c
1340755000,45,27,015c0001
1340765000,45,28,fe9bff2f
1340775000,45,29,010d00f7
1340785000,45,30,ff110030
1340795000,45,31,00cbfecb
1345865000,46,0,ff4bfea0
1345875000,46,1,ff55017c
1345885000,46,2,00a4feb9
1345895000,46,3,0091016a
1345905000,46,4,fdd9fe2c
1345915000,46,5,00e302c5
1345925000,46,6,ff4afc94
1345935000,46,7,02e40251
1345945000,46,8,fd61ff44
1345955000,46,9,0064003a
1345965000,46,10,0009ffc7
1345975000,46,11,00c40163
1345985000,46,12,ff19fe60
1345995000,46,13,008d016d
1346005000,46,14,0120fef1
1346015000,46,15,fe1b01e5
1346025000,46,16,01d1fd28
1346035000,46,17,febb01ae
1346045000,46,18,0064fecf
1346055000,46,19,ffdb0124
1346065000,46,20,0181fede
1346075000,46,21,fec70021
1346085000,46,22,ffb60090
1346095000,46,23,00c8ffe7
1346105000,46,24,ffbbfeec
1346115000,46,25,fea00048
1346125000,46,26,00eb01fd
1346135000,46,27,ff98fe1b
1346145000,46,28,ffc5006e
1346155000,46,29,017dff81
1346165000,46,30,fe24010f
1346175000,46,31,01f90017
1351245000,47,0,fee0fdb0
1351255000,47,1,00d9006d
1351265000,47,2,00a6ff5f
1351275000,47,3,fdcf01fd
1351285000,47,4,014ffe40
1351295000,47,5,0188021e
1351305000,47,6,fdc6fd1e
1351315000,47,7,022602d5
1351325000,47,8,ff0bfedf
1351335000,47,9,00460063
1351345000,47,10,fec7ff37
1351355000,47,11,012b0107
1351365000,47,12,004dfe6e
1351375000,47,13,ff49011a
1351385000,47,14,00c7fef8
1351395000,47,15,ff360142
1351405000,47,16,00aefec0
1351415000,47,17,000500c3
1351425000,47,18,ff9aff75
1351435000,47,19,ffbd006b
1351445000,47,20,0049ffc2
1351455000,47,21,002a0110
1351465000,47,22,ff0efef0
1351475000,47,23,0134ffa7
1351485000,47,24,ff3f000d
1351495000,47,25,009800a9
1351505000,47,26,ff95ff2d
1351515000,47,27,00790015
1351525000,47,28,fe23014c
1351535000,47,29,0309ff3c
1351545000,47,30,fe29fe5a
1351555000,47,31,0040034e
1356625000,48,0,ff43fe7d
1356635000,48,1,00020131
1356645000,48,2,006fff85
1356655000,48,3,ffb70091
1356665000,48,4,fff8fe96
1356675000,48,5,01450233
1356685000,48,6,fec1fdc9
1356695000,48,7,029800fc
1356705000,48,8,fd99ffb0
1356715000,48,9,ff4c0052
1356725000,48,10,017fff15
1356735000,48,11,ffdd008d
1356745000,48,12,fec1ff50
1356755000,48,13,ff5b01f2
1356765000,48,14,0254fc77
1356775000,48,15,fe320346
1356785000,48,16,00e7fda3
1356795000,48,17,ff9002bd
1356805000,48,18,0077fe0d
1356815000,48,19,fef301f9
1356825000,48,20,0024fe14
1356835000,48,21,00770153
1356845000,48,22,003d0071
1356855000,48,23,ffc0fe92
1356865000,48,24,00d100d8
1356875000,48,25,ff5aff50
1356885000,48,26,00c300a5
1356895000,48,27,fee9fec1
1356905000,48,28,0097024e
1356915000,48,29,00c9fdb0
1356925000,48,30,fede00a3
1356935000,48,31,008e010c
1362005000,49,0,00cf0120
1362015000,49,1,006afee9
1362025000,49,2,003b0000
1362035000,49,3,ffc100ce
1362045000,49,4,ffffff4a
1362055000,49,5,004700ad
1362065000,49,6,0016fed6
1362075000,49,7,ff8c0086
1362085000,49,8,00590042
1362095000,49,9,00d40014
1362105000,49,10,fe96ff8c
1362115000,49,11,006effd8
1362125000,49,12,ff210189
1362135000,49,13,01ccfe2b
1362145000,49,14,fec70023
1362155000,49,15,fffc011b
1362165000,49,16,018dfe40
1362175000,49,17,fec40195
1362185000,49,18,ffd3fe7a
1362195000,49,19,005d014a
1362205000,49,20,0033fea4
1362215000,49,21,ff1d02db
1362225000,49,22,0054fc2e
1362235000,49,23,ff240286
1362245000,49,24,012fff52
1362255000,49,25,ff32ff6e
1362265000,49,26,00100082
1362275000,49,27,00040108
1362285000,49,28,ffd1ff35
1362295000,49,29,006c004d
1362305000,49,30,023300d1
1362315000,49,31,fcd4fec1
1367385000,50,0,016500cd
1367395000,50,1,ff86ff9a
1367405000,50,2,ffa1011a
1367415000,50,3,00faffe5
1367425000,50,4,ff06fe52
1367435000,50,5,ff5601dc
1367445000,50,6,0094fe88
1367455000,50,7,00820127
1367465000,50,8,fe7afefb
1367475000,50,9,0028009d
1367485000,50,10,0123ff0c
1367495000,50,11,ffc701db
1367505000,50,12,ff5bffa1
1367515000,50,13,0025ff2d
1367525000,50,14,012e0168
1367535000,50,15,fde90012
1367545000,50,16,02a3fea7
1367555000,50,17,fdb60108
1367565000,50,18,0171ff62
1367575000,50,19,ff04ffc7
1367585000,50,20,015c000a
1367595000,50,21,fef80032
1367605000,50,22,0090ffc0
1367615000,50,23,001000a1
1367625000,50,24,0086ffa5
1367635000,50,25,fef8ff39
1367645000,50,26,fe7b022c
1367655000,50,27,021ffe3d
1367665000,50,28,ffd3001f
1367675000,50,29,ff21008d
1367685000,50,30,024600ec
1367695000,50,31,fdd1fda2
1372765000,51,0,ff97fef9
1372775000,51,1,00c6010d
1372785000,51,2,fdd6fe6b
1372795000,51,3,02060138
1372805000,51,4,001bffb2
1372815000,51,5,ff04ffae
1372825000,51,6,ffea0026
1372835000,51,7,0019006a
1372845000,51,8,01a0ff81
1372855000,51,9,fd520091
1372865000,51,10,01b4ff40
1372875000,51,11,ff880212
1372885000,51,12,fefcfd2e
1372895000,51,13,00f1012b
1372905000,51,14,00c3ff65
1372915000,51,15,ff150245
1372925000,51,16,016bfc4d
1372935000,51,17,fd4e0169
1372945000,51,18,01dc0171
1372955000,51,19,ff8cff52
1372965000,51,20,ffbbffb2
1372975000,51,21,fe1600ee
1372985000,51,22,031cff96
1372995000,51,23,fe1dff72
1373005000,51,24,01d200f5
1373015000,51,25,fe2eff6d
1373025000,51,26,013e00a0
1373035000,51,27,ffb2ff94
1373045000,51,28,010affe2
1373055000,51,29,ff690125
1373065000,51,30,ffd3fe53
1373075000,51,31,005100ef
1378145000,52,0,ff6eff4a
1378155000,52,1,00f200b9
1378165000,52,2,fe08fee4
1378175000,52,3,02c8018d
1378185000,52,4,ff2afeeb
1378195000,52,5,ff93002e
1378205000,52,6,005d0043
1378215000,52,7,fff7ffb4
1378225000,52,8,0157ff99
1378235000,52,9,fd4700e5
1378245000,52,10,01dcfee8
1378255000,52,11,ffa7010b
1378265000,52,12,ff1dfe5c
1378275000,52,13,00010132
1378285000,52,14,007bff01
1378295000,52,15,002c0146
1378305000,52,16,0122fe34
1378315000,52,17,fd00017f
1378325000,52,18,01960062
1378335000,52,19,0010ff2f
1378345000,52,20,ff700093
1378355000,52,21,ff790070
1378365000,52,22,01cfff9f
1378375000,52,23,fe65ffd0
1378385000,52,24,00d10029
1378395000,52,25,ffe3fe8f
1378405000,52,26,00be020e
1378415000,52,27,feedfff5
1378425000,52,28,0089fe96
1378435000,52,29,00370164
1378445000,52,30,ffd9ffa1
1378455000,52,31,fffc002a
1383525000,53,0,018300c1
1383535000,53,1,ff38ffeb
1383545000,53,2,fe12ffe9
1383555000,53,3,035e0035
1383565000,53,4,fee200b7
1383575000,53,5,ffccff6a
1383585000,53,6,0020000e
1383595000,53,7,00730196
1383605000,53,8,fffbfd03
1383615000,53,9,ff37014b
1383625000,53,10,01660027
1383635000,53,11,ff0400d0
1383645000,53,12,007efd50
1383655000,53,13,fec5016a
1383665000,53,14,01a9ff24
1383675000,53,15,ffd50234
1383685000,53,16,ffadfdb5
1383695000,53,17,fe8a00fb
1383705000,53,18,00e8001d
1383715000,53,19,005affeb
1383725000,53,20,ff56ff57
1383735000,53,21,ffae0102
1383745000,53,22,019cffcc
1383755000,53,23,fe13ffec
1383765000,53,24,0209ff7b
1383775000,53,25,fe37002b
1383785000,53,26,018400af
1383795000,53,27,fe3cffc4
1383805000,53,28,01b6ff3e
1383815000,53,29,fe99018e
1383825000,53,30,0167ff56
1383835000,53,31,fe55ff16
1388905000,54,0,ffed0071
1388915000,54,1,ff900011
1388925000,54,2,ff36ff19
1388935000,54,3,02ba0087
1388945000,54,4,fe320015
1388955000,54,5,fffd000d
1388965000,54,6,0068ffa8
1388975000,54,7,002a005e
1388985000,54,8,ff78ff03
1388995000,54,9,ffd00130
1389005000,54,10,0104ff15
1389015000,54,11,fd5a01c6
1389025000,54,12,0249fde1
1389035000,54,13,ff78004a
1389045000,54,14,006800a3
1389055000,54,15,001500cb
1389065000,54,16,fffdfde9
1389075000,54,17,ff460131
1389085000,54,18,009effd7
1389095000,54,19,ff96007b
1389105000,54,20,008cffc3
1389115000,54,21,ff01ff67
1389125000,54,22,009e00a6
1389135000,54,23,ff26ff2e
1389145000,54,24,013a006f
1389155000,54,25,fe0afed2
1389165000,54,26,01c40257
1389175000,54,27,ff86ff78
1389185000,54,28,009dfefb
1389195000,54,29,fe4a0196
1389205000,54,30,011600b3
1389215000,54,31,009bfe51
1394285000,55,0,0041ff35
1394295000,55,1,00c30017
1394305000,55,2,ffdefec5
1394315000,55,3,fed70131
1394325000,55,4,01c000bd
1394335000,55,5,feeafea1
1394345000,55,6,003400a7
1394355000,55,7,0060fee4
1394365000,55,8,0059021e
1394375000,55,9,ff2dfeff
1394385000,55,10,0023ff1a
1394395000,55,11,fe84017e
1394405000,55,12,02d1ffe5
1394415000,55,13,fe53ff58
1394425000,55,14,00a5ffd2
1394435000,55,15,006e012b
1394445000,55,16,ff33fee5
1394455000,55,17,012bffd3
1394465000,55,18,ff76001d
1394475000,55,19,ffaf0099
1394485000,55,20,fffefee5
1394495000,55,21,018a0119
1394505000,55,22,fda6ff2d
1394515000,55,23,00720016
1394525000,55,24,00d7ff24
1394535000,55,25,fe750143
1394545000,55,26,0105ff60
1394555000,55,27,ff2e0094
1394565000,55,28,0155fef5
1394575000,55,29,fed9021a
1394585000,55,30,017dfe76
1394595000,55,31,fe580157
1399665000,56,0,ffc0005b
1399675000,56,1,00eb015d
1399685000,56,2,fcfffd6f
1399695000,56,3,02a50239
1399705000,56,4,ff29feb3
1399715000,56,5,000100b6
1399725000,56,6,ff7bff60
1399735000,56,7,02630128
1399745000,56,8,fd51fe12
1399755000,56,9,015200c4
1399765000,56,10,0037fff1
1399775000,56,11,ff6600eb
1399785000,56,12,fff0ff7b
1399795000,56,13,ff44ff38
1399805000,56,14,ffe400b2
1399815000,56,15,017100e7
1399825000,56,16,ff72fc4d
1399835000,56,17,fea1042f
1399845000,56,18,011bfdef
1399855000,56,19,00230191
1399865000,56,20,ffd3fed9
1399875000,56,21,ffa901d2
1399885000,56,22,00c5feae
1399895000,56,23,ff67fff4
1399905000,56,24,003dffe6
1399915000,56,25,00ba0064
1399925000,56,26,feff00e9
1399935000,56,27,008efe1b
1399945000,56,28,00dc0081
1399955000,56,29,fed2006c
1399965000,56,30,00840000
1399975000,56,31,0031ff2d
1405045000,57,0,ff6e0141
1405055000,57,1,0145ff88
1405065000,57,2,feee014e
1405075000,57,3,00f3fea0
1405085000,57,4,fef5fffd
1405095000,57,5,0187ffdf
1405105000,57,6,ff2d00b9
1405115000,57,7,ffc9ffd2
1405125000,57,8,0056ff74
1405135000,57,9,ffc5010e
1405145000,57,10,ff42febd
1405155000,57,11,013cffc8
1405165000,57,12,ffc60236
1405175000,57,13,ff93fdcb
1405185000,57,14,0047001b
1405195000,57,15,00530079
1405205000,57,16,005affef
1405215000,57,17,fecbff58
1405225000,57,18,00960090
1405235000,57,19,ffc9fff6
1405245000,57,20,0005ff51
1405255000,57,21,fef50125
1405265000,57,22,010fffa9
1405275000,57,23,fef5ff88
1405285000,57,24,00ee003c
1405295000,57,25,ff6ffec6
1405305000,57,26,ff1a0281
1405315000,57,27,01d0feea
1405325000,57,28,ff14011c
1405335000,57,29,ffbdff05
1405345000,57,30,00cd0277
1405355000,57,31,0007fccd
1410425000,58,0,ffcfff7a
1410435000,58,1,ff0900ce
1410445000,58,2,0192fed9
1410455000,58,3,ff7f012d
1410465000,58,4,ffc1ff05
1410475000,58,5,ffe800c3
1410485000,58,6,ff46ffbd
1410495000,58,7,013bfed6
1410505000,58,8,fea00167
1410515000,58,9,0009ffa0
1410525000,58,10,00cbffb9
1410535000,58,11,ff97fff5
1410545000,58,12,fff5012c
1410555000,58,13,ffc5ff0e
1410565000,58,14,00ecff6c
1410575000,58,15,ff5901dc
1410585000,58,16,00f5ff28
1410595000,58,17,fef5ffa8
1410605000,58,18,ff76fff7
1410615000,58,19,011d0111
1410625000,58,20,fef9fd25
1410635000,58,21,01460369
1410645000,58,22,ff42fe2d
1410655000,58,23,ff9f00b0
1410665000,58,24,0114fe97
1410675000,58,25,ff25010e
1410685000,58,26,00690137
1410695000,58,27,ff15ffad
1410705000,58,28,01a1fef2
1410715000,58,29,fd690152
1410725000,58,30,0338ff72
1410735000,58,31,ff4dff9e
1415805000,59,0,fedaffe4
1415815000,59,1,01470008
1415825000,59,2,fe54ff4e
1415835000,59,3,01e1028f
1415845000,59,4,ff06fe28
1415855000,59,5,00c10034
1415865000,59,6,ffcafff8
1415875000,59,7,ff78012b
1415885000,59,8,029afdee
1415895000,59,9,fd79016b
1415905000,59,10,01e2ff77
1415915000,59,11,fe490082
1415925000,59,12,026cfe2f
1415935000,59,13,fd0e01db
1415945000,59,14,0126fe31
1415955000,59,15,001b0113
1415965000,59,16,00faff04
1415975000,59,17,fd8d00a8
1415985000,59,18,00caffc0
1415995000,59,19,00dbffd9
1416005000,59,20,ff6c0038
1416015000,59,21,ffcd013e
1416025000,59,22,00f0ffdc
1416035000,59,23,fe62fe39
1416045000,59,24,0122016e
1416055000,59,25,ff83fe71
1416065000,59,26,0044010f
1416075000,59,27,ff6b00e6
1416085000,59,28,006afded
1416095000,59,29,ffd4018f
1416105000,59,30,00840007
1416115000,59,31,ffdbfff1
1421185000,60,0,00440175
1421195000,60,1,ffdd0023
1421205000,60,2,ff09fe35
1421215000,60,3,01d001cc
1421225000,60,4,ff77fee6
1421235000,60,5,ffd100b1
1421245000,60,6,fedbff14
1421255000,60,7,02510143
1421265000,60,8,fe6dfef9
1421275000,60,9,ffb300c2
1421285000,60,10,00aeff7e
1421295000,60,11,0022007f
1421305000,60,12,ff15ff1f
1421315000,60,13,ff0c005f
1421325000,60,14,02edffad
1421335000,60,15,fd820109
1421345000,60,16,02c8fe29
1421355000,60,17,fc670137
1421365000,60,18,01f700d7
1421375000,60,19,ff20ff36
1421385000,60,20,006bfed6
1421395000,60,21,ff210301
1421405000,60,22,015ffe9a
1421415000,60,23,fea1ffa7
1421425000,60,24,012f007d
1421435000,60,25,ff85ff8c
1421445000,60,26,00d20126
1421455000,60,27,ff2eff53
1421465000,60,28,00e1fff1
1421475000,60,29,ffe6002f
1421485000,60,30,01490125
1421495000,60,31,fe7cfd41
1426565000,61,0,fe91ff09
1426575000,61,1,00c000ca
1426585000,61,2,fe54fefd
1426595000,61,3,02fe014f
1426605000,61,4,fe9efefd
1426615000,61,5,ff320025
1426625000,61,6,00eefffc
1426635000,61,7,0102006a
1426645000,61,8,ff6cff3b
1426655000,61,9,fe5f0123
1426665000,61,10,01e0fe8f
1426675000,61,11,feea0165
1426685000,61,12,0018fdd3
1426695000,61,13,ff6a026d
1426705000,61,14,00e1fe0a
1426715000,61,15,ff65012f
1426725000,61,16,00bdfe89
1426735000,61,17,fef2010e
1426745000,61,18,00a400b1
1426755000,61,19,ffb8ffaf
1426765000,61,20,ffc4ffb7
1426775000,61,21,ff5201b5
1426785000,61,22,01f2feac
1426795000,61,23,fe20ffdc
1426805000,61,24,01ea0077
1426815000,61,25,ff1bfe45
1426825000,61,26,0024025b
1426835000,61,27,ff84ff8d
1426845000,61,28,014afe85
1426855000,61,29,ffb60199
1426865000,61,30,ff1bff26
1426875000,61,31,014500bb
1431945000,62,0,fe9dffb5
1431955000,62,1,ffd500b4
1431965000,62,2,fff0ff44
1431975000,62,3,012e0017
1431985000,62,4,ff390153
1431995000,62,5,ffa0fe8e
1432005000,62,6,fffdffe4
1432015000,62,7,029efff8
1432025000,62,8,fc5b005f
1432035000,62,9,022e0035
1432045000,62,10,ffc1ff33
1432055000,62,11,ff4001ff
1432065000,62,12,ffd4fe15
1432075000,62,13,00fd018e
1432085000,62,14,fe67fe93
1432095000,62,15,023d01a9
1432105000,62,16,feebfd91
1432115000,62,17,ffcb019e
1432125000,62,18,0032003c
1432135000,62,19,012cff83
1432145000,62,20,fea7ff97
1432155000,62,21,006c00b4
1432165000,62,22,000fffd4
1432175000,62,23,002400b8
1432185000,62,24,00c9fd73
1432195000,62,25,fe4201f9
1432205000,62,26,015dffb1
1432215000,62,27,fea6ffc3
1432225000,62,28,0058fe79
1432235000,62,29,00df02a8
1432245000,62,30,ff05fe21
1432255000,62,31,015900f3
1437325000,63,0,fe7b0003
1437335000,63,1,00c60016
1437345000,63,2,ff98ffe7
1437355000,63,3,ffa9ff92
1437365000,63,4,fff5010c
1437375000,63,5,0124ff33
1437385000,63,6,ff780082
1437395000,63,7,005dffdc
1437405000,63,8,ff8e000f
1437415000,63,9,ff9b00b3
1437425000,63,10,011cff6d
1437435000,63,11,fe70ff80
1437445000,63,12,00be01db
1437455000,63,13,00f9fe89
1437465000,63,14,ffb4ff46
1437475000,63,15,ffbf0148
1437485000,63,16,0087ff8f
1437495000,63,17,0004feaa
1437505000,63,18,0032018f
1437515000,63,19,ff3dff2e
1437525000,63,20,ffc101ec
1437535000,63,21,00a0fbc1
1437545000,63,22,ff8a037a
1437555000,63,23,ff67fe3e
1437565000,63,24,00f00127
1437575000,63,25,ffbbff35
1437585000,63,26,fec20061
1437595000,63,27,015aff64
1437605000,63,28,00040105
1437615000,63,29,001b0023
1437625000,63,30,febafffa
1437635000,63,31,01c5ff92
